{
  "hash": "fadc2468",
  "configHash": "ac1e350f",
  "lockfileHash": "e1573d93",
  "browserHash": "4d7cd794",
  "optimized": {
    "@angular/common": {
      "src": "../../../../../../node_modules/@angular/common/fesm2022/common.mjs",
      "file": "@angular_common.js",
      "fileHash": "7e4aaf7d",
      "needsInterop": false
    },
    "@angular/common/http": {
      "src": "../../../../../../node_modules/@angular/common/fesm2022/http.mjs",
      "file": "@angular_common_http.js",
      "fileHash": "c2426061",
      "needsInterop": false
    },
    "@angular/core": {
      "src": "../../../../../../node_modules/@angular/core/fesm2022/core.mjs",
      "file": "@angular_core.js",
      "fileHash": "51993255",
      "needsInterop": false
    },
    "@angular/forms": {
      "src": "../../../../../../node_modules/@angular/forms/fesm2022/forms.mjs",
      "file": "@angular_forms.js",
      "fileHash": "f61470dc",
      "needsInterop": false
    },
    "@angular/platform-browser": {
      "src": "../../../../../../node_modules/@angular/platform-browser/fesm2022/platform-browser.mjs",
      "file": "@angular_platform-browser.js",
      "fileHash": "b0062694",
      "needsInterop": false
    },
    "@angular/router": {
      "src": "../../../../../../node_modules/@angular/router/fesm2022/router.mjs",
      "file": "@angular_router.js",
      "fileHash": "74e78e93",
      "needsInterop": false
    },
    "rxjs": {
      "src": "../../../../../../node_modules/rxjs/dist/esm5/index.js",
      "file": "rxjs.js",
      "fileHash": "01a6f1df",
      "needsInterop": false
    },
    "rxjs/operators": {
      "src": "../../../../../../node_modules/rxjs/dist/esm5/operators/index.js",
      "file": "rxjs_operators.js",
      "fileHash": "48b5859a",
      "needsInterop": false
    }
  },
  "chunks": {
    "chunk-5SIMKGIY": {
      "file": "chunk-5SIMKGIY.js"
    },
    "chunk-KK35M6XF": {
      "file": "chunk-KK35M6XF.js"
    },
    "chunk-GWAU3GAC": {
      "file": "chunk-GWAU3GAC.js"
    },
    "chunk-ADJ6LL3Q": {
      "file": "chunk-ADJ6LL3Q.js"
    },
    "chunk-WSXI74FV": {
      "file": "chunk-WSXI74FV.js"
    },
    "chunk-LBBSG2YE": {
      "file": "chunk-LBBSG2YE.js"
    },
    "chunk-NGNUV6BG": {
      "file": "chunk-NGNUV6BG.js"
    }
  }
}